id;period;cs_acculation;cs_process;ded_inn;ded_out_n;ded_family;fourth_quarter;prior_ded;common_accient;oop_inn;oop_out_n;oop_family;ded_contribute_to_opp;life_time
1;rebut athw;optimistically innocence;heal;11985;24927;2714;ha analogue how;true;true;4884;18948;5500;false;22301
2;that;hourly;effectiveness so boo;27810;6376;173;heel dual what;true;false;31533;25406;7136;true;29445
3;forenenst;tepee;now above polite;10867;4887;7407;wary;true;false;16048;18870;6340;true;22147
4;for;joyfully though;superimpose an;9732;31178;1091;mmm orderly often;true;true;15834;15384;22338;false;13240
5;until befo;who wisely;dory precedence;12319;21946;9852;kiddingly;true;false;31760;21994;11582;false;17806
6;far;whoever fruit without;mid geez seriously;23410;29479;1703;duh;true;true;15766;20658;8434;true;28792
7;regarding ;robot;effector;30959;22058;2649;frosty way psst;true;true;14953;1010;22475;false;4717
8;when readi;yum since gah;cloth if kissingly;10638;8769;21748;incidentally afore;true;false;14909;15539;12299;false;23938
9;wealthy aj;eek;beside between nor;11014;9439;7014;liquidize;true;true;55;23401;18394;false;12075
10;prejudge t;awful;intent absent;29893;28979;29231;viciously tightly;true;true;11627;11779;16480;false;24672
