id;name;num;effective;termination;customer_id
1;smoothly;dearl;2024-09-02;2024-09-01;advent
2;demilitarise ack;again;2024-09-01;2024-09-01;cheerf
3;out ripple truly;qua k;2024-09-02;2024-09-02;follow
4;downturn;than ;2024-09-01;2024-09-02;down p
5;fooey painfully;well-;2024-09-01;2024-09-02;soon
6;consequently flower courageous;calcu;2024-09-02;2024-09-02;vagran
7;yum key snip;hill ;2024-09-02;2024-09-01;incomp
8;righteously yellowish limp;fault;2024-09-02;2024-09-02;zowie 
9;upset;blind;2024-09-01;2024-09-01;unto t
10;bah;uneth;2024-09-02;2024-09-01;poise 
