id;name;effective;termination;jhi_date;status
1;oof aim always;2024-09-02;2024-09-02;2024-09-02T02:55:40;thin minus
2;pish;2024-09-02;2024-09-02;2024-09-02T14:50:15;help
3;yippee recklessly till;2024-09-02;2024-09-02;2024-09-02T15:02:46;vet throug
4;rhythm lazy;2024-09-01;2024-09-01;2024-09-02T12:44:14;shroom obn
5;mortally;2024-09-01;2024-09-02;2024-09-01T16:45:58;assertion 
6;but after;2024-09-02;2024-09-01;2024-09-02T01:09:35;afore extr
7;gadzooks irritably instantly;2024-09-02;2024-09-02;2024-09-02T15:06:16;shrilly bi
8;vaccine woot;2024-09-02;2024-09-02;2024-09-01T21:59:49;inasmuch p
9;muse gee than;2024-09-02;2024-09-01;2024-09-02T12:26:19;but worth
10;svelte keen while;2024-09-01;2024-09-02;2024-09-02T10:47:32;horizon st
