 [
    {
        "id": "1",
        "userid": "Habib",
        "privateind": 9713,
        "conditiondate": "12/02/2024",
        "providernum": "e567890",
        "subscribernum": "Test",
        "subscriberbirthdate": "1/1/2000",
        "subscribermiddlename": "test",
        "subscriberlastname": "Ntest",
        "npsgrpnum": "g567890",
        "npssectnum": "D000",
        "lengthofstay": 59300,
        "admitdiagnosiscode": "c567",
        "diag01": "e456",
        "diag02": "e456",
        "diag03": "e456",
        "diag04": "",
        "diag05": "",
        "diag06": "",
        "diag07": "",
        "diag08": "",
        "diag09": "",
        "proc01": "p345", "proc02": "p345","proc03": "p345","proc04": "p345","proc05": "p345","proc06": "p345","proc07": "","proc08": "","proc09": "",
        "refprovidernum": "eius",
        "orderingphylicnum": "provident",
        "lastUpdateDate": "02/04/2024",
        "luClaimCode": "",
      "luClaimClass": "",
      "luPayeeCode": "",
      "luRelationGender" :""
      }

]

   