[
    {
        "id": 1,
        "productName": "Land Criser",
        "categoryId": 1,
        "price": 3900,
        "createDate": "2024-02-22",
        "updateDate": "2024-03-03", 
        "isDeleted": false,
        "categoryName": "Baabuur"
    },
    {
        "id": 2,
        "productName": "Awe weee",
        "categoryId": 1,
        "price": 100,
        "createDate": "2024-02-22",
        "updateDate": "2024-03-03", 
        "isDeleted": true,
        "categoryName": "Baabuur"
    },
    {
        "id": 3,
        "productName": "Weer qqqq",
        "categoryId": 1,
        "price": 2345,
        "createDate": "2024-02-22",
        "updateDate": "2024-03-03", 
        "isDeleted": false,
        "categoryName": "Baabuur"
    }
   
]