[
    {
        "productId": 1,
        "quantity": 32,
        "price": 23,
        "sellingDate": "2024-02-22",
        "description": "wseeeeeeee",
        "productName": "Land cruser",
        "id": 1,
        "createDate": "2024-02-22",
        "updateDate": "2024-03-22",
        "isDeleted": false
      },
      {
        "productId": 2,
        "quantity": 32,
        "price": 23,
        "sellingDate": "2024-02-22",
        "description": "wseeeeeeee",
        "productName": "Land cruser",
        "id": 2,
        "createDate": "2024-02-22",
        "updateDate": "2024-03-22",
        "isDeleted": false
      },
      {
        "productId": 3,
        "quantity": 32,
        "price": 23,
        "sellingDate": "2024-02-22",
        "description": "wseeeeeeee",
        "productName": "Land cruser",
        "id": 3,
        "createDate": "2024-02-22",
        "updateDate": "2024-03-22",
        "isDeleted": false
      }
]