<?xml version="1.0" encoding="utf-8"?>
<databaseChangeLog
    xmlns="http://www.liquibase.org/xml/ns/dbchangelog"
    xmlns:ext="http://www.liquibase.org/xml/ns/dbchangelog-ext"
    xmlns:xsi="http://www.w3.org/2001/XMLSchema-instance"
    xsi:schemaLocation="http://www.liquibase.org/xml/ns/dbchangelog http://www.liquibase.org/xml/ns/dbchangelog/dbchangelog-latest.xsd
                        http://www.liquibase.org/xml/ns/dbchangelog-ext http://www.liquibase.org/xml/ns/dbchangelog/dbchangelog-ext.xsd">

    <!--
        Added the entity CostShare.
    -->
    <changeSet id="20240902153252-1" author="jhipster">
        <createTable tableName="cost_share">
            <column name="id" type="bigint">
                <constraints primaryKey="true" nullable="false"/>
            </column>
            <column name="period" type="varchar(10)">
                <constraints nullable="true" />
            </column>
            <column name="cs_acculation" type="varchar(50)">
                <constraints nullable="true" />
            </column>
            <column name="cs_process" type="varchar(50)">
                <constraints nullable="true" />
            </column>
            <column name="ded_inn" type="bigint">
                <constraints nullable="true" />
            </column>
            <column name="ded_out_n" type="bigint">
                <constraints nullable="true" />
            </column>
            <column name="ded_family" type="bigint">
                <constraints nullable="true" />
            </column>
            <column name="fourth_quarter" type="varchar(50)">
                <constraints nullable="true" />
            </column>
            <column name="prior_ded" type="boolean">
                <constraints nullable="true" />
            </column>
            <column name="common_accient" type="boolean">
                <constraints nullable="true" />
            </column>
            <column name="oop_inn" type="bigint">
                <constraints nullable="true" />
            </column>
            <column name="oop_out_n" type="bigint">
                <constraints nullable="true" />
            </column>
            <column name="oop_family" type="bigint">
                <constraints nullable="true" />
            </column>
            <column name="ded_contribute_to_opp" type="boolean">
                <constraints nullable="true" />
            </column>
            <column name="life_time" type="bigint">
                <constraints nullable="true" />
            </column>
            <!-- jhipster-needle-liquibase-add-column - JHipster will add columns here -->
        </createTable>
    </changeSet>

    <!-- jhipster-needle-liquibase-add-changeset - JHipster will add changesets here -->

    <!--
        Load sample data generated with Faker.js
        - This data can be easily edited using a CSV editor (or even MS Excel) and
          is located in the 'src/main/resources/config/liquibase/fake-data' directory
        - By default this data is applied when running with the JHipster 'dev' profile.
          This can be customized by adding or removing 'faker' in the 'spring.liquibase.contexts'
          Spring Boot configuration key.
    -->
    <changeSet id="20240902153252-1-data" author="jhipster" context="faker">
        <loadData
                  file="config/liquibase/fake-data/cost_share.csv"
                  separator=";"
                  tableName="cost_share"
                  usePreparedStatements="true">
            <column name="id" type="numeric"/>
            <column name="period" type="string"/>
            <column name="cs_acculation" type="string"/>
            <column name="cs_process" type="string"/>
            <column name="ded_inn" type="numeric"/>
            <column name="ded_out_n" type="numeric"/>
            <column name="ded_family" type="numeric"/>
            <column name="fourth_quarter" type="string"/>
            <column name="prior_ded" type="boolean"/>
            <column name="common_accient" type="boolean"/>
            <column name="oop_inn" type="numeric"/>
            <column name="oop_out_n" type="numeric"/>
            <column name="oop_family" type="numeric"/>
            <column name="ded_contribute_to_opp" type="boolean"/>
            <column name="life_time" type="numeric"/>
            <!-- jhipster-needle-liquibase-add-loadcolumn - JHipster (and/or extensions) can add load columns here -->
        </loadData>
    </changeSet>
</databaseChangeLog>
