<?xml version="1.0" encoding="utf-8"?>
<databaseChangeLog
    xmlns="http://www.liquibase.org/xml/ns/dbchangelog"
    xmlns:ext="http://www.liquibase.org/xml/ns/dbchangelog-ext"
    xmlns:xsi="http://www.w3.org/2001/XMLSchema-instance"
    xsi:schemaLocation="http://www.liquibase.org/xml/ns/dbchangelog http://www.liquibase.org/xml/ns/dbchangelog/dbchangelog-latest.xsd
                        http://www.liquibase.org/xml/ns/dbchangelog-ext http://www.liquibase.org/xml/ns/dbchangelog/dbchangelog-ext.xsd">

    <!--
        Added the entity PackagePlan.
    -->
    <changeSet id="20240902153250-1" author="jhipster">
        <createTable tableName="package_plan">
            <column name="id" type="bigint">
                <constraints primaryKey="true" nullable="false"/>
            </column>
            <column name="name" type="varchar(100)">
                <constraints nullable="true" />
            </column>
            <column name="effective" type="date">
                <constraints nullable="true" />
            </column>
            <column name="termination" type="date">
                <constraints nullable="true" />
            </column>
            <column name="jhi_date" type="${datetimeType}">
                <constraints nullable="true" />
            </column>
            <column name="status" type="varchar(10)">
                <constraints nullable="true" />
            </column>
            <column name="packagecode_id" type="bigint">
                <constraints nullable="true" />
            </column>
            <column name="user_id" type="bigint">
                <constraints nullable="true" />
            </column>
            <column name="plan_id" type="bigint">
                <constraints nullable="true" />
            </column>
            <!-- jhipster-needle-liquibase-add-column - JHipster will add columns here -->
        </createTable>
        <dropDefaultValue tableName="package_plan" columnName="jhi_date" columnDataType="${datetimeType}"/>
    </changeSet>

    <!-- jhipster-needle-liquibase-add-changeset - JHipster will add changesets here -->

    <!--
        Load sample data generated with Faker.js
        - This data can be easily edited using a CSV editor (or even MS Excel) and
          is located in the 'src/main/resources/config/liquibase/fake-data' directory
        - By default this data is applied when running with the JHipster 'dev' profile.
          This can be customized by adding or removing 'faker' in the 'spring.liquibase.contexts'
          Spring Boot configuration key.
    -->
    <changeSet id="20240902153250-1-data" author="jhipster" context="faker">
        <loadData
                  file="config/liquibase/fake-data/package_plan.csv"
                  separator=";"
                  tableName="package_plan"
                  usePreparedStatements="true">
            <column name="id" type="numeric"/>
            <column name="name" type="string"/>
            <column name="effective" type="date"/>
            <column name="termination" type="date"/>
            <column name="jhi_date" type="date"/>
            <column name="status" type="string"/>
            <!-- jhipster-needle-liquibase-add-loadcolumn - JHipster (and/or extensions) can add load columns here -->
        </loadData>
    </changeSet>
</databaseChangeLog>
