<?xml version="1.0" encoding="utf-8"?>
<databaseChangeLog
    xmlns="http://www.liquibase.org/xml/ns/dbchangelog"
    xmlns:xsi="http://www.w3.org/2001/XMLSchema-instance"
    xsi:schemaLocation="http://www.liquibase.org/xml/ns/dbchangelog http://www.liquibase.org/xml/ns/dbchangelog/dbchangelog-latest.xsd">
    <property name="now" value="now()" dbms="h2"/>
    <property name="floatType" value="float4" dbms="h2"/>
    <property name="uuidType" value="uuid" dbms="h2"/>
    <property name="datetimeType" value="datetime(6)" dbms="h2"/>
    <property name="clobType" value="clob" dbms="h2"/>
    <property name="blobType" value="blob" dbms="h2"/>
    <property name="now" value="sysdate" dbms="oracle"/>
    <property name="floatType" value="float" dbms="oracle"/>
    <property name="clobType" value="clob" dbms="oracle"/>
    <property name="blobType" value="blob" dbms="oracle"/>
    <property name="uuidType" value="uuid" dbms="oracle"/>
    <property name="datetimeType" value="datetime" dbms="oracle"/>

    <include file="config/liquibase/changelog/00000000000000_initial_schema.xml" relativeToChangelogFile="false"/>
    <include file="config/liquibase/changelog/20240902153247_added_entity_Group.xml" relativeToChangelogFile="false"/>
    <include file="config/liquibase/changelog/20240902153248_added_entity_Section.xml" relativeToChangelogFile="false"/>
    <include file="config/liquibase/changelog/20240902153249_added_entity_PackageCode.xml" relativeToChangelogFile="false"/>
    <include file="config/liquibase/changelog/20240902153250_added_entity_PackagePlan.xml" relativeToChangelogFile="false"/>
    <include file="config/liquibase/changelog/20240902153251_added_entity_Plan.xml" relativeToChangelogFile="false"/>
    <include file="config/liquibase/changelog/20240902153252_added_entity_CostShare.xml" relativeToChangelogFile="false"/>
    <include file="config/liquibase/changelog/20240902153253_added_entity_Benefit.xml" relativeToChangelogFile="false"/>
    <include file="config/liquibase/changelog/20240902153254_added_entity_BenService.xml" relativeToChangelogFile="false"/>
    <include file="config/liquibase/changelog/20240902153255_added_entity_BenServiceList.xml" relativeToChangelogFile="false"/>
    <include file="config/liquibase/changelog/20240902153256_added_entity_BlueAccess.xml" relativeToChangelogFile="false"/>
    <include file="config/liquibase/changelog/20240902153257_added_entity_GroupAccess.xml" relativeToChangelogFile="false"/>
    <!-- jhipster-needle-liquibase-add-changelog - JHipster will add liquibase changelogs here -->
    <include file="config/liquibase/changelog/20240902153248_added_entity_constraints_Section.xml" relativeToChangelogFile="false"/>
    <include file="config/liquibase/changelog/20240902153249_added_entity_constraints_PackageCode.xml" relativeToChangelogFile="false"/>
    <include file="config/liquibase/changelog/20240902153250_added_entity_constraints_PackagePlan.xml" relativeToChangelogFile="false"/>
    <include file="config/liquibase/changelog/20240902153251_added_entity_constraints_Plan.xml" relativeToChangelogFile="false"/>
    <include file="config/liquibase/changelog/20240902153254_added_entity_constraints_BenService.xml" relativeToChangelogFile="false"/>
    <include file="config/liquibase/changelog/20240902153257_added_entity_constraints_GroupAccess.xml" relativeToChangelogFile="false"/>
    <!-- jhipster-needle-liquibase-add-constraints-changelog - JHipster will add liquibase constraints changelogs here -->
    <!-- jhipster-needle-liquibase-add-incremental-changelog - JHipster will add incremental liquibase changelogs here -->
</databaseChangeLog>
